{"flutter":{"platforms":{"android":{"default":{"projectId":"book-companion-1","appId":"1:295285705008:android:5c4704eaa11453096b60f5","fileOutput":"android/app/google-services.json"}},"dart":{"lib/firebase_options.dart":{"projectId":"book-companion-1","configurations":{"android":"1:295285705008:android:5c4704eaa11453096b60f5","ios":"1:295285705008:ios:03a5bee5d9e2845c6b60f5","macos":"1:295285705008:ios:03a5bee5d9e2845c6b60f5","web":"1:295285705008:web:700fb81f83ca00356b60f5","windows":"1:295285705008:web:b80b95931285b2ae6b60f5"}}}}}}